gender,first_name,last_name,email,password,phone_number,birth_date,available_for_meeting,accepted,role
1,Nour,Ibrahim,NourIbrahim101@gmail.com,123123,0957877388,1987-3-21,0,True,0
0,Ahmad,Ali,AhmadAli102@gmail.com,123123,0979560740,1988-8-6,0,True,0
1,Hiba,Zarefa,HibaZarefa103@gmail.com,123123,0960739746,1985-6-28,0,True,0
1,Sara,Ali,SaraAli104@gmail.com,123123,0926995025,1994-2-15,1,True,0
1,Fatema,AlMasri,FatemaAlMasri105@gmail.com,123123,097748621,1992-5-22,1,True,0
1,Maya,Ibrahim,MayaIbrahim106@gmail.com,123123,0983422442,1993-5-18,1,True,0
0,Abd Allah,Koja,AbdAllahKoja107@gmail.com,123123,0947418484,1980-8-6,0,True,0
0,Ahmad,Abd Almajeed,AhmadAbdAlmajeed108@gmail.com,123123,0981962267,1988-9-13,1,True,0
1,Sedra,Horani,SedraHorani109@gmail.com,123123,0999027357,1993-10-20,1,True,0
1,Batoul,Mahmoud,BatoulMahmoud110@gmail.com,123123,091956726,1983-12-13,1,True,0
1,Sedra,Ali,SedraAli111@gmail.com,123123,0919359442,1985-6-19,1,True,0
0,Issam,Abd Almajeed,IssamAbdAlmajeed112@gmail.com,123123,0949885924,1985-2-26,0,True,0
1,Ghofran,Ibrahim,GhofranIbrahim113@gmail.com,123123,0921723597,1995-11-27,1,True,0
0,Mohammad,Shamma,MohammadShamma114@gmail.com,123123,0970425343,1989-2-8,0,True,0
1,Mariam,Habib,MariamHabib115@gmail.com,123123,0967699212,1989-4-14,1,True,0
0,Ismaiel,Halabi,IsmaielHalabi116@gmail.com,123123,096882183,1989-6-18,0,True,0
1,Raghad,Abd Alrahim,RaghadAbdAlrahim117@gmail.com,123123,099023858,1991-10-22,0,True,0
0,Osama,Abd Alrahim,OsamaAbdAlrahim118@gmail.com,123123,0929023341,1990-12-20,0,True,0
1,Batoul,Abd Almajeed,BatoulAbdAlmajeed119@gmail.com,123123,0949811148,1982-2-11,1,True,0
0,Fadi,Turkman,FadiTurkman120@gmail.com,123123,0997103526,1987-7-18,0,True,0
1,Sali,AlMasri,SaliAlMasri121@gmail.com,123123,0920336285,1992-7-7,1,True,0
1,Layan,Haj,LayanHaj122@gmail.com,123123,0992903908,1987-1-20,0,True,0
1,Laila,Koja,LailaKoja123@gmail.com,123123,0973133786,1990-12-7,0,True,0
0,Mustafa,AlShami,MustafaAlShami124@gmail.com,123123,0910941231,1988-6-9,1,True,0
1,Sedra,Abd Almajeed,SedraAbdAlmajeed125@gmail.com,123123,0963899785,1994-6-4,0,True,0
0,Osama,Koja,OsamaKoja126@gmail.com,123123,0967064969,1980-4-7,1,True,0
1,Judy,AlHelo,JudyAlHelo127@gmail.com,123123,0915773361,1988-7-12,0,True,0
0,Abd Allah,Habib,AbdAllahHabib128@gmail.com,123123,091965772,1990-10-25,0,True,0
1,Layan,Halabi,LayanHalabi129@gmail.com,123123,0922269604,1995-12-22,1,True,0
1,Sedra,AlMasri,SedraAlMasri130@gmail.com,123123,0949228925,1982-6-24,1,True,0
0,Abd Alghani,Halabi,AbdAlghaniHalabi131@gmail.com,123123,0911312908,1993-7-17,1,True,0
1,Sara,Mahmoud,SaraMahmoud132@gmail.com,123123,0964330686,1993-1-23,1,True,0
1,Asmaa,Awad,AsmaaAwad133@gmail.com,123123,0986109611,1988-2-25,0,True,0
1,Sara,Habib,SaraHabib134@gmail.com,123123,0927743261,1980-5-3,1,True,0
1,Hiba,Shamma,HibaShamma135@gmail.com,123123,098945136,1986-5-28,1,True,0
1,Ghofran,Kurdi,GhofranKurdi136@gmail.com,123123,0920793856,1983-6-23,0,True,0
1,Laila,Shamma,LailaShamma137@gmail.com,123123,0964539143,1987-9-13,1,True,0
1,Judy,Ibrahim,JudyIbrahim138@gmail.com,123123,0920462998,1980-9-22,0,True,0
0,Bilal,AlMasri,BilalAlMasri139@gmail.com,123123,0946657654,1995-2-21,1,True,0
1,Ghofran,Shamma,GhofranShamma140@gmail.com,123123,0990962710,1986-4-16,1,True,0
1,Sara,AlHelo,SaraAlHelo141@gmail.com,123123,0945712998,1985-2-22,1,True,0
0,Mazen,Shamma,MazenShamma142@gmail.com,123123,0912521765,1995-10-16,0,True,0
1,Fatema,Shamma,FatemaShamma143@gmail.com,123123,0917188474,1984-6-27,1,True,0
0,Moayyad,Ahmad,MoayyadAhmad144@gmail.com,123123,0935694531,1987-1-9,0,True,0
1,Maya,Mohammad,MayaMohammad145@gmail.com,123123,0955625323,1980-9-28,0,True,0
1,Layan,AlMasri,LayanAlMasri146@gmail.com,123123,0931536727,1980-5-10,0,True,0
1,Mariam,Awad,MariamAwad147@gmail.com,123123,0912591162,1986-11-13,1,True,0
0,Mazen,Abd Almalek,MazenAbdAlmalek148@gmail.com,123123,0975348903,1985-3-26,1,True,0
0,Issam,Abd Almajeed,IssamAbdAlmajeed149@gmail.com,123123,0977167660,1995-10-1,0,True,0
0,Ahmad,Abd Alrahim,AhmadAbdAlrahim150@gmail.com,123123,0940122930,1980-1-16,1,True,0
0,Fadi,Ibrahim,FadiIbrahim151@gmail.com,123123,0922234888,1987-11-24,1,True,0
0,Moayyad,Horani,MoayyadHorani152@gmail.com,123123,0920123465,1987-12-19,0,True,0
1,Reem,Ibrahim,ReemIbrahim153@gmail.com,123123,0911136845,1988-7-12,0,True,0
1,haifaa,Homsi,haifaaHomsi154@gmail.com,123123,0998967164,1984-12-20,0,True,0
0,Bilal,Homsi,BilalHomsi155@gmail.com,123123,0992921017,1980-1-25,0,True,0
0,Ahmad,AlMasri,AhmadAlMasri156@gmail.com,123123,0914231151,1983-4-23,1,True,0
0,Osama,AlMasri,OsamaAlMasri157@gmail.com,123123,0989095962,1988-11-11,0,True,0
1,Sara,Horani,SaraHorani158@gmail.com,123123,0940114737,1992-12-7,1,True,0
0,Suliman,Turkman,SulimanTurkman159@gmail.com,123123,0938925098,1981-12-15,0,True,0
1,Raghad,Abd Alrahim,RaghadAbdAlrahim160@gmail.com,123123,0914762987,1990-1-16,0,True,0
0,Abd Allah,Horani,AbdAllahHorani161@gmail.com,123123,0984511695,1984-9-18,0,True,0
1,Layan,AlMasri,LayanAlMasri162@gmail.com,123123,0961868716,1989-3-10,0,True,0
0,Khaled,Ahmad,KhaledAhmad163@gmail.com,123123,0952526595,1995-8-18,1,True,0
1,Judy,AlHelo,JudyAlHelo164@gmail.com,123123,0992246108,1982-4-12,0,True,0
0,Kamel,Abd Alrahim,KamelAbdAlrahim165@gmail.com,123123,0916417757,1985-5-20,0,True,0
1,Reem,Zarefa,ReemZarefa166@gmail.com,123123,0911410064,1990-6-2,1,True,0
0,Munzer,Ibrahim,MunzerIbrahim167@gmail.com,123123,0926943128,1983-2-27,0,True,0
1,Maya,Ibrahim,MayaIbrahim168@gmail.com,123123,0952155105,1982-11-3,1,True,0
0,Bilal,Shamma,BilalShamma169@gmail.com,123123,0931185149,1983-11-17,0,True,0
0,Issam,Koja,IssamKoja170@gmail.com,123123,0959170077,1988-4-16,0,True,0
0,Kamel,Awad,KamelAwad171@gmail.com,123123,0946641009,1988-11-1,0,True,0
0,Mustafa,Shamma,MustafaShamma172@gmail.com,123123,0950386693,1995-2-2,0,True,0
1,Sali,Awad,SaliAwad173@gmail.com,123123,0959557405,1980-12-18,1,True,0
1,Fatema,Ahmad,FatemaAhmad174@gmail.com,123123,0970614782,1993-8-16,0,True,0
1,Ghofran,Halabi,GhofranHalabi175@gmail.com,123123,092189972,1991-2-10,0,True,0
0,Kamel,Abd Almalek,KamelAbdAlmalek176@gmail.com,123123,0956347391,1991-5-11,1,True,0
1,Layan,AlHelo,LayanAlHelo177@gmail.com,123123,0940303051,1994-8-22,1,True,0
0,Mustafa,Mohammad,MustafaMohammad178@gmail.com,123123,0923762561,1990-12-12,1,True,0
0,Mohammad,Habib,MohammadHabib179@gmail.com,123123,0934408947,1993-12-9,0,True,0
1,Hiba,Saleh,HibaSaleh180@gmail.com,123123,0913967849,1982-9-12,1,True,0
0,Ahmad,Halabi,AhmadHalabi181@gmail.com,123123,0959034339,1988-7-8,0,True,0
1,Hiba,Ali,HibaAli182@gmail.com,123123,0956147579,1987-10-18,1,True,0
1,Fatema,Saleh,FatemaSaleh183@gmail.com,123123,0955294261,1995-5-9,1,True,0
1,Raghad,Ibrahim,RaghadIbrahim184@gmail.com,123123,0936704235,1982-6-17,0,True,0
0,Ahmad,Zarefa,AhmadZarefa185@gmail.com,123123,0924713298,1984-11-26,1,True,0
1,Batoul,AlMasri,BatoulAlMasri186@gmail.com,123123,0951296349,1980-11-9,0,True,0
1,Zainab,Koja,ZainabKoja187@gmail.com,123123,0989173938,1989-2-2,0,True,0
0,Khaled,Mahmoud,KhaledMahmoud188@gmail.com,123123,0951564300,1980-9-23,1,True,0
1,Zainab,Mahmoud,ZainabMahmoud189@gmail.com,123123,0963051283,1991-5-15,1,True,0
1,Fatema,Abd Alrahim,FatemaAbdAlrahim190@gmail.com,123123,0966292364,1993-6-6,1,True,0
1,Sara,Ibrahim,SaraIbrahim191@gmail.com,123123,0979643135,1981-3-26,0,True,0
0,Mustafa,AlMasri,MustafaAlMasri192@gmail.com,123123,0999070648,1990-7-21,1,True,0
1,Maya,Mohammad,MayaMohammad193@gmail.com,123123,0970434102,1991-4-28,1,True,0
0,Saeed,Abd Almalek,SaeedAbdAlmalek194@gmail.com,123123,095836798,1994-5-12,0,True,0
0,Mustafa,Halabi,MustafaHalabi195@gmail.com,123123,0923848398,1982-3-18,1,True,0
0,Mustafa,Turkman,MustafaTurkman196@gmail.com,123123,0964112235,1980-1-14,0,True,0
0,Ahmad,Haj,AhmadHaj197@gmail.com,123123,0977650574,1982-12-22,1,True,0
1,Lilian,Homsi,LilianHomsi198@gmail.com,123123,0987421395,1993-3-6,1,True,0
1,Sedra,Abd Alrahim,SedraAbdAlrahim199@gmail.com,123123,0978105733,1988-10-8,0,True,0
0,Anas,Habib,AnasHabib200@gmail.com,123123,092015758,1989-10-9,1,True,0
